payload,label
1; DELETE FROM items,1
admin' OR '1'='1,1
pg_sleep(10),1
"benchmark(10000000,MD5(1)) 27",1
DROP TABLE users,1
pg_sleep(10) 32,1
' OR 'a'='a,1
"benchmark(10000000,md5(1))",1
SELECT * FROM 50,1
admin' or '1'='1,1
1; delete from items,1
' or 1=1 #,1
select * from,1
SELECT * FROM 35,1
admin' or '1'='1 68,1
' or 1=1 #,1
"benchmark(10000000,md5(1))",1
' OR '1'='1' -- 35,1
drop table users,1
select * from 22,1
admin'/*,1
SELECT * FROM,1
1; DELETE FROM items,1
select * from,1
' OR 1=1 --,1
admin'/*,1
SELECT * FROM,1
drop table users,1
SELECT * FROM,1
admin'/*,1
admin'/*,1
select * from 2,1
drop table users 46,1
drop table users,1
' or 1=1 #,1
1; DELETE FROM items,1
' or 1=1 #,1
DROP TABLE users,1
SELECT * FROM,1
union select,1
admin'/* 67,1
' OR 1=1 --,1
admin'/*,1
1; DELETE FROM items,1
UNION SELECT,1
admin' --,1
"benchmark(10000000,MD5(1)) 65",1
SELECT * FROM,1
admin' -- 5,1
SELECT * FROM,1
select * from,1
admin' OR '1'='1 92,1
select * from,1
union select,1
admin' or '1'='1 49,1
drop table users,1
' OR '1'='1' -- 25,1
drop table users,1
admin' -- 81,1
' OR 1=1 -- 52,1
' OR 1=1 #,1
admin'/*,1
' or 1=1 -- 5,1
' or 1=1 --,1
' OR '1'='1' --,1
union select,1
"benchmark(10000000,md5(1)) 50",1
admin' or '1'='1,1
' OR 'a'='a,1
' or 1=1 #,1
pg_sleep(10) 90,1
admin' or '1'='1,1
' OR 1=1 # 100,1
1; delete from items,1
1; DELETE FROM items,1
UNION SELECT,1
' or 1=1 #,1
admin' --,1
DROP TABLE users,1
select * from,1
' or 1=1 --,1
UNION SELECT 66,1
' OR 1=1 --,1
pg_sleep(10),1
SELECT * FROM 98,1
' OR 1=1 #,1
union select,1
SELECT * FROM,1
1; DELETE FROM items 42,1
admin' OR '1'='1,1
' or '1'='1' --,1
pg_sleep(10),1
SELECT * FROM 95,1
pg_sleep(10) 81,1
SELECT * FROM,1
pg_sleep(10) 41,1
union select,1
"benchmark(10000000,MD5(1))",1
union select,1
DROP TABLE users,1
pg_sleep(10),1
' OR '1'='1' -- 51,1
drop table users,1
admin' --,1
admin' OR '1'='1,1
1; delete from items,1
' or '1'='1' --,1
union select,1
' or '1'='1' --,1
admin'/*,1
pg_sleep(10),1
' or '1'='1' --,1
1; DELETE FROM items,1
' or 1=1 #,1
admin' or '1'='1,1
1; DELETE FROM items,1
admin' OR '1'='1,1
' or '1'='1' --,1
' or 'a'='a 56,1
1; DELETE FROM items,1
admin' --,1
admin' -- 23,1
admin' OR '1'='1,1
admin'/*,1
DROP TABLE users,1
SELECT * FROM 73,1
' or 1=1 #,1
' or 'a'='a 5,1
select * from,1
drop table users,1
SELECT * FROM 5,1
UNION SELECT,1
"benchmark(10000000,MD5(1))",1
admin' --,1
' or 'a'='a,1
pg_sleep(10) 5,1
union select,1
' OR 'a'='a 83,1
' OR 'a'='a 72,1
admin' -- 27,1
UNION SELECT 39,1
UNION SELECT 13,1
' or 1=1 #,1
select * from,1
admin' or '1'='1,1
admin' or '1'='1 30,1
DROP TABLE users 55,1
"benchmark(10000000,md5(1))",1
admin' --,1
' OR 1=1 --,1
1; delete from items 54,1
DROP TABLE users 24,1
DROP TABLE users,1
1; delete from items,1
"benchmark(10000000,md5(1))",1
' or 'a'='a,1
' OR 1=1 # 11,1
' OR 1=1 #,1
' or 'a'='a 7,1
"benchmark(10000000,md5(1))",1
admin' OR '1'='1,1
pg_sleep(10),1
"benchmark(10000000,md5(1))",1
' or 1=1 --,1
admin' OR '1'='1,1
admin' or '1'='1 18,1
1; delete from items,1
' OR 1=1 # 50,1
"benchmark(10000000,md5(1)) 85",1
' or 1=1 --,1
admin' OR '1'='1,1
admin' --,1
admin' -- 82,1
' OR 1=1 --,1
admin' -- 20,1
' OR 1=1 --,1
admin'/*,1
union select 78,1
pg_sleep(10),1
' or '1'='1' -- 81,1
pg_sleep(10),1
union select,1
' or '1'='1' --,1
admin' -- 58,1
1; DELETE FROM items,1
admin' --,1
pg_sleep(10) 18,1
SELECT * FROM,1
admin' --,1
admin'/*,1
SELECT * FROM,1
' OR 1=1 --,1
SELECT * FROM,1
pg_sleep(10),1
' or 1=1 -- 40,1
admin' or '1'='1,1
1; DELETE FROM items 40,1
1; delete from items,1
admin' or '1'='1,1
admin' --,1
' or '1'='1' --,1
' OR 'a'='a,1
' OR '1'='1' -- 18,1
admin' --,1
admin'/*,1
"benchmark(10000000,MD5(1))",1
' or '1'='1' --,1
' OR 1=1 --,1
admin'/*,1
drop table users,1
admin' --,1
' OR 1=1 -- 67,1
' OR 'a'='a,1
admin' --,1
' OR 1=1 #,1
' or 1=1 -- 21,1
1; delete from items 39,1
union select,1
admin'/*,1
' or 1=1 --,1
' OR 1=1 --,1
' or 1=1 --,1
admin' or '1'='1 78,1
DROP TABLE users,1
' OR 1=1 --,1
' or '1'='1' --,1
union select,1
drop table users 35,1
' or 'a'='a,1
' OR 1=1 --,1
drop table users,1
"benchmark(10000000,md5(1))",1
"benchmark(10000000,MD5(1)) 5",1
"benchmark(10000000,MD5(1)) 72",1
"benchmark(10000000,md5(1)) 74",1
"benchmark(10000000,md5(1))",1
pg_sleep(10) 85,1
' or 1=1 --,1
' OR 1=1 -- 97,1
UNION SELECT 90,1
' OR 1=1 --,1
pg_sleep(10),1
' or '1'='1' --,1
DROP TABLE users,1
DROP TABLE users,1
admin'/*,1
DROP TABLE users,1
admin' OR '1'='1,1
select * from,1
admin' --,1
admin' OR '1'='1,1
' OR 1=1 # 52,1
admin'/* 96,1
pg_sleep(10) 83,1
' or 'a'='a 50,1
"benchmark(10000000,MD5(1)) 83",1
drop table users,1
admin'/*,1
admin'/*,1
drop table users,1
drop table users 17,1
admin'/*,1
' OR 1=1 --,1
admin' -- 47,1
1; delete from items,1
admin' or '1'='1 89,1
admin' OR '1'='1,1
select * from,1
DROP TABLE users 72,1
1; delete from items,1
' OR '1'='1' -- 71,1
' OR 1=1 # 12,1
' OR 'a'='a,1
pg_sleep(10) 21,1
admin' or '1'='1 29,1
union select,1
' or 'a'='a,1
drop table users 100,1
pg_sleep(10),1
' or '1'='1' --,1
1; DELETE FROM items,1
' OR 1=1 # 85,1
admin' --,1
admin'/*,1
UNION SELECT,1
drop table users,1
select * from,1
"benchmark(10000000,md5(1))",1
pg_sleep(10),1
' OR 1=1 --,1
' or 1=1 #,1
1; DELETE FROM items,1
DROP TABLE users,1
' or 'a'='a 63,1
select * from 91,1
1; delete from items,1
pg_sleep(10),1
' or 1=1 --,1
' or 1=1 --,1
admin' OR '1'='1,1
DROP TABLE users 89,1
pg_sleep(10),1
drop table users 39,1
' OR 1=1 #,1
' OR 1=1 #,1
SELECT * FROM,1
' OR 1=1 # 83,1
drop table users 9,1
union select,1
drop table users 31,1
admin' -- 99,1
1; delete from items,1
pg_sleep(10) 84,1
' OR 1=1 # 97,1
' or '1'='1' --,1
"benchmark(10000000,md5(1))",1
union select,1
' OR '1'='1' --,1
drop table users,1
' or 'a'='a 77,1
UNION SELECT 6,1
select * from 86,1
admin'/*,1
admin'/*,1
pg_sleep(10),1
' OR 1=1 #,1
"benchmark(10000000,md5(1)) 20",1
pg_sleep(10) 57,1
' OR 1=1 # 72,1
' or 1=1 #,1
pg_sleep(10),1
select * from,1
' OR 1=1 --,1
' OR 'a'='a,1
' or 'a'='a 94,1
admin'/*,1
"benchmark(10000000,MD5(1)) 27",1
1; DELETE FROM items,1
admin' or '1'='1,1
' or 1=1 # 5,1
' OR 1=1 -- 66,1
select * from 5,1
SELECT * FROM,1
pg_sleep(10),1
admin'/*,1
select * from,1
admin'/*,1
admin' or '1'='1,1
"benchmark(10000000,md5(1))",1
admin'/*,1
' or 'a'='a,1
' or 'a'='a 90,1
' OR 1=1 #,1
admin'/*,1
' or '1'='1' --,1
select * from,1
pg_sleep(10),1
' or 1=1 # 41,1
1; delete from items,1
union select,1
' or 'a'='a 70,1
' OR 'a'='a 8,1
' or 1=1 --,1
admin' --,1
"benchmark(10000000,md5(1))",1
' OR 1=1 --,1
1; delete from items 18,1
admin'/*,1
select * from,1
' OR 'a'='a,1
admin'/*,1
union select,1
' or 1=1 --,1
admin'/*,1
' or 'a'='a,1
' or '1'='1' --,1
admin' -- 41,1
DROP TABLE users,1
"benchmark(10000000,MD5(1)) 77",1
' or '1'='1' --,1
' OR '1'='1' --,1
pg_sleep(10) 98,1
admin'/*,1
' OR 'a'='a,1
"benchmark(10000000,MD5(1)) 59",1
pg_sleep(10),1
' OR 'a'='a,1
' OR 1=1 # 43,1
UNION SELECT,1
' or 1=1 #,1
' or 1=1 -- 82,1
admin'/* 77,1
admin' or '1'='1,1
"benchmark(10000000,MD5(1))",1
admin'/*,1
admin' OR '1'='1,1
admin'/*,1
' OR '1'='1' --,1
' OR 1=1 #,1
select * from 44,1
' or 'a'='a 29,1
admin' OR '1'='1,1
admin' or '1'='1,1
SELECT * FROM,1
union select,1
SELECT * FROM,1
' OR '1'='1' --,1
"benchmark(10000000,MD5(1)) 86",1
union select 72,1
DROP TABLE users,1
1; DELETE FROM items,1
1; DELETE FROM items,1
admin'/*,1
"benchmark(10000000,md5(1)) 51",1
admin'/* 64,1
' or 1=1 #,1
pg_sleep(10),1
pg_sleep(10),1
"benchmark(10000000,MD5(1))",1
' OR '1'='1' --,1
' OR '1'='1' --,1
SELECT * FROM,1
' or 'a'='a,1
' or '1'='1' --,1
' OR '1'='1' -- 68,1
1; DELETE FROM items,1
' OR 'a'='a 24,1
1; DELETE FROM items 44,1
' or 1=1 --,1
pg_sleep(10),1
' or 1=1 #,1
' or 'a'='a,1
"benchmark(10000000,MD5(1))",1
1; delete from items,1
admin'/* 30,1
admin' --,1
UNION SELECT,1
' or 1=1 --,1
1; delete from items,1
' OR 1=1 # 65,1
"benchmark(10000000,MD5(1)) 13",1
"benchmark(10000000,md5(1)) 67",1
1; delete from items,1
' OR '1'='1' -- 23,1
admin' --,1
DROP TABLE users,1
union select,1
pg_sleep(10),1
union select 48,1
admin' or '1'='1 38,1
' OR 1=1 #,1
pg_sleep(10),1
pg_sleep(10),1
select * from,1
drop table users,1
1; DELETE FROM items,1
' OR 'a'='a 63,1
admin'/*,1
' OR 1=1 #,1
' OR 1=1 --,1
drop table users,1
' OR 1=1 #,1
' OR '1'='1' --,1
1; delete from items 45,1
admin' or '1'='1,1
1; DELETE FROM items,1
SELECT * FROM,1
admin' or '1'='1 31,1
admin' -- 55,1
admin' --,1
pg_sleep(10),1
admin' OR '1'='1,1
' or 'a'='a,1
admin' -- 59,1
admin' --,1
' OR '1'='1' --,1
' OR '1'='1' -- 76,1
pg_sleep(10),1
' or 'a'='a 90,1
admin' -- 9,1
"benchmark(10000000,md5(1)) 23",1
SELECT * FROM,1
' OR 1=1 -- 30,1
' or 1=1 #,1
admin' OR '1'='1 88,1
' OR 1=1 #,1
' or 1=1 --,1
admin' or '1'='1,1
SELECT * FROM 31,1
union select 65,1
UNION SELECT 19,1
select * from,1
' or '1'='1' --,1
"benchmark(10000000,MD5(1)) 46",1
pg_sleep(10),1
union select,1
' or 'a'='a,1
drop table users 67,1
' OR '1'='1' --,1
admin'/*,1
SELECT * FROM,1
' OR '1'='1' --,1
admin'/*,1
pg_sleep(10),1
' or 1=1 # 4,1
' or 1=1 --,1
1; DELETE FROM items 24,1
"benchmark(10000000,md5(1))",1
pg_sleep(10),1
select * from,1
1; DELETE FROM items 21,1
"benchmark(10000000,MD5(1))",1
admin' --,1
admin' -- 95,1
drop table users,1
UNION SELECT 38,1
admin' OR '1'='1 45,1
DROP TABLE users,1
' OR 'a'='a,1
' or 1=1 --,1
union select,1
' OR 1=1 #,1
pg_sleep(10),1
admin' -- 29,1
admin' -- 27,1
' or 'a'='a,1
DROP TABLE users 90,1
UNION SELECT,1
' or '1'='1' --,1
SELECT * FROM 81,1
UNION SELECT,1
admin' --,1
' or 'a'='a 56,1
' OR 1=1 # 83,1
admin' --,1
admin'/*,1
admin' or '1'='1,1
' OR 1=1 -- 5,1
admin' --,1
UNION SELECT 72,1
select * from 12,1
admin'/* 15,1
1; delete from items 22,1
' or 1=1 --,1
admin' -- 56,1
"benchmark(10000000,md5(1))",1
SELECT * FROM 61,1
' or 1=1 --,1
' OR 'a'='a,1
admin'/* 87,1
"benchmark(10000000,MD5(1))",1
' or '1'='1' --,1
UNION SELECT,1
admin'/*,1
UNION SELECT,1
admin' OR '1'='1,1
"benchmark(10000000,MD5(1))",1
admin'/*,1
1; delete from items,1
admin' --,1
UNION SELECT,1
"benchmark(10000000,MD5(1))",1
' or 'a'='a,1
' OR 1=1 #,1
select * from 48,1
' OR '1'='1' -- 12,1
1; DELETE FROM items,1
' or '1'='1' -- 23,1
union select 42,1
DROP TABLE users,1
pg_sleep(10),1
admin' or '1'='1,1
SELECT * FROM,1
' or '1'='1' --,1
admin' OR '1'='1 3,1
DROP TABLE users,1
' OR '1'='1' -- 94,1
admin' OR '1'='1,1
DROP TABLE users,1
' OR '1'='1' -- 48,1
' OR '1'='1' --,1
DROP TABLE users 34,1
' or 1=1 --,1
admin' -- 12,1
union select,1
DROP TABLE users,1
union select,1
DROP TABLE users,1
admin' -- 63,1
admin'/*,1
admin'/*,1
admin' OR '1'='1,1
pg_sleep(10) 36,1
' or 'a'='a,1
SELECT * FROM 25,1
"benchmark(10000000,md5(1))",1
"benchmark(10000000,md5(1))",1
DROP TABLE users 55,1
1; delete from items,1
' or 'a'='a,1
' or 1=1 #,1
' OR 1=1 --,1
admin' -- 87,1
pg_sleep(10),1
admin'/*,1
"benchmark(10000000,md5(1)) 8",1
"benchmark(10000000,md5(1)) 65",1
admin' OR '1'='1,1
pg_sleep(10),1
' or 1=1 --,1
' or 1=1 --,1
' or 'a'='a,1
' or 'a'='a,1
' or 1=1 #,1
pg_sleep(10),1
"benchmark(10000000,md5(1))",1
admin' or '1'='1 69,1
admin'/*,1
"benchmark(10000000,MD5(1))",1
admin'/* 23,1
admin' --,1
' or 'a'='a,1
' OR 'a'='a 25,1
' OR 1=1 --,1
' OR 1=1 #,1
1; DELETE FROM items,1
admin' OR '1'='1 22,1
DROP TABLE users 23,1
admin' -- 17,1
admin' --,1
admin'/*,1
"benchmark(10000000,MD5(1)) 21",1
' or 1=1 # 10,1
DROP TABLE users,1
UNION SELECT,1
' or 1=1 #,1
' OR 'a'='a 26,1
' OR 'a'='a 4,1
"benchmark(10000000,md5(1))",1
drop table users 79,1
union select,1
' OR 1=1 # 92,1
' or 'a'='a,1
SELECT * FROM,1
union select 94,1
drop table users 24,1
admin' OR '1'='1,1
' OR 1=1 --,1
admin' -- 27,1
admin' or '1'='1 78,1
' or 1=1 --,1
admin'/*,1
DROP TABLE users,1
' or '1'='1' --,1
' or 1=1 --,1
' or 'a'='a,1
admin'/*,1
union select,1
pg_sleep(10),1
' or '1'='1' --,1
"benchmark(10000000,MD5(1))",1
select * from,1
admin' --,1
"benchmark(10000000,MD5(1))",1
' or 1=1 #,1
' or 'a'='a,1
' OR 'a'='a,1
' or 'a'='a,1
' or 'a'='a 93,1
1; delete from items 37,1
admin' --,1
pg_sleep(10),1
pg_sleep(10),1
pg_sleep(10),1
pg_sleep(10) 19,1
' OR 1=1 --,1
' OR 1=1 # 90,1
admin' --,1
' OR 'a'='a,1
' OR 1=1 # 81,1
1; DELETE FROM items,1
' or 'a'='a 78,1
admin' --,1
admin' --,1
SELECT * FROM,1
' or 1=1 --,1
1; delete from items,1
"benchmark(10000000,md5(1)) 93",1
admin' or '1'='1 73,1
' or 'a'='a,1
pg_sleep(10),1
' OR 1=1 -- 25,1
' or '1'='1' --,1
"benchmark(10000000,MD5(1))",1
' OR 'a'='a 3,1
pg_sleep(10) 52,1
UNION SELECT,1
admin' OR '1'='1 87,1
"benchmark(10000000,md5(1)) 47",1
1; delete from items 66,1
admin' -- 57,1
DROP TABLE users,1
' OR 'a'='a 87,1
admin' --,1
admin' --,1
DROP TABLE users 79,1
' OR '1'='1' --,1
UNION SELECT,1
' or 1=1 #,1
"benchmark(10000000,md5(1)) 44",1
"benchmark(10000000,md5(1)) 93",1
admin' OR '1'='1 77,1
pg_sleep(10),1
drop table users,1
' or 1=1 -- 29,1
1; delete from items,1
' or 1=1 # 30,1
pg_sleep(10) 49,1
"benchmark(10000000,md5(1))",1
"benchmark(10000000,md5(1)) 30",1
admin' --,1
' OR 1=1 --,1
' OR 'a'='a 81,1
pg_sleep(10),1
' OR 'a'='a,1
pg_sleep(10),1
UNION SELECT,1
' or 1=1 #,1
"benchmark(10000000,MD5(1)) 27",1
' OR 1=1 #,1
UNION SELECT,1
' or 1=1 # 14,1
admin' --,1
' OR '1'='1' --,1
SELECT * FROM 86,1
' or '1'='1' --,1
admin' or '1'='1 67,1
SELECT * FROM,1
admin' OR '1'='1,1
' or 'a'='a,1
' OR '1'='1' --,1
"benchmark(10000000,md5(1)) 56",1
"benchmark(10000000,md5(1))",1
' or 1=1 -- 63,1
DROP TABLE users,1
' or 'a'='a,1
"benchmark(10000000,MD5(1))",1
pg_sleep(10),1
admin' -- 65,1
pg_sleep(10),1
' OR 1=1 # 51,1
"benchmark(10000000,MD5(1)) 92",1
drop table users,1
admin' --,1
admin' --,1
admin'/* 38,1
' or 1=1 #,1
' or 1=1 # 1,1
' or 1=1 # 84,1
pg_sleep(10),1
1; DELETE FROM items,1
drop table users 26,1
"benchmark(10000000,md5(1))",1
admin' OR '1'='1,1
select * from,1
admin' --,1
1; DELETE FROM items 100,1
union select,1
admin'/*,1
' or 'a'='a,1
pg_sleep(10),1
admin' --,1
' or 1=1 -- 97,1
admin' or '1'='1,1
1; delete from items,1
' or '1'='1' --,1
union select,1
union select,1
' or 'a'='a,1
admin'/*,1
admin' OR '1'='1,1
admin' --,1
union select,1
' or 1=1 --,1
drop table users,1
DROP TABLE users 1,1
' OR 'a'='a 86,1
SELECT * FROM,1
select * from 83,1
drop table users,1
admin'/*,1
select * from 48,1
"benchmark(10000000,md5(1))",1
1; DELETE FROM items,1
' or 1=1 -- 8,1
UNION SELECT,1
' or '1'='1' --,1
admin' or '1'='1,1
' or 'a'='a 19,1
admin'/*,1
' or '1'='1' -- 91,1
SELECT * FROM,1
admin' or '1'='1,1
admin' --,1
DROP TABLE users,1
select * from 55,1
' or '1'='1' --,1
"benchmark(10000000,md5(1))",1
1; delete from items,1
admin'/* 33,1
' or 'a'='a,1
1; delete from items,1
' or 1=1 --,1
' or '1'='1' --,1
admin' --,1
' OR 1=1 --,1
admin' or '1'='1,1
' or 1=1 --,1
' OR '1'='1' --,1
' or '1'='1' --,1
1; DELETE FROM items,1
UNION SELECT,1
admin' -- 45,1
' or 1=1 --,1
SELECT * FROM,1
admin' or '1'='1 75,1
1; delete from items,1
select * from,1
"benchmark(10000000,MD5(1))",1
' OR 1=1 # 25,1
admin' or '1'='1,1
admin' or '1'='1 86,1
1; delete from items,1
' OR 1=1 --,1
admin'/* 98,1
"benchmark(10000000,md5(1))",1
admin'/*,1
drop table users,1
' or 1=1 --,1
DROP TABLE users,1
union select,1
"benchmark(10000000,md5(1))",1
' or 1=1 --,1
' or 1=1 --,1
' OR '1'='1' --,1
1; delete from items 77,1
' or 'a'='a,1
' or '1'='1' --,1
' or 1=1 --,1
' or '1'='1' --,1
"benchmark(10000000,MD5(1))",1
"benchmark(10000000,MD5(1))",1
UNION SELECT,1
' or 'a'='a 6,1
' or '1'='1' -- 95,1
' or 1=1 --,1
1; DELETE FROM items 8,1
' OR '1'='1' -- 69,1
' OR 1=1 --,1
admin'/* 59,1
pg_sleep(10) 33,1
admin' -- 48,1
select * from,1
admin'/*,1
admin'/* 26,1
' or '1'='1' --,1
' or 1=1 --,1
admin'/*,1
union select 34,1
admin' --,1
pg_sleep(10),1
DROP TABLE users 49,1
' OR '1'='1' -- 59,1
UNION SELECT 83,1
' OR 1=1 --,1
SELECT * FROM,1
union select,1
admin' or '1'='1,1
' OR 1=1 # 2,1
1; DELETE FROM items,1
' OR 1=1 --,1
' or 'a'='a,1
' or 1=1 --,1
SELECT * FROM 96,1
' or 'a'='a 71,1
' OR 1=1 --,1
SELECT * FROM,1
1; DELETE FROM items,1
select * from 19,1
' or '1'='1' --,1
' or 1=1 # 78,1
admin' -- 8,1
"benchmark(10000000,MD5(1)) 45",1
' OR 1=1 #,1
pg_sleep(10) 74,1
' or 1=1 #,1
"benchmark(10000000,MD5(1))",1
admin' --,1
SELECT * FROM 53,1
' OR 1=1 -- 5,1
DROP TABLE users,1
DROP TABLE users,1
select * from,1
union select,1
admin' OR '1'='1,1
union select,1
' or 1=1 #,1
pg_sleep(10),1
pg_sleep(10),1
' or '1'='1' -- 65,1
' OR 1=1 #,1
"benchmark(10000000,md5(1))",1
select * from,1
"benchmark(10000000,MD5(1))",1
' OR 'a'='a,1
DROP TABLE users,1
pg_sleep(10),1
admin' --,1
pg_sleep(10),1
admin' --,1
admin'/*,1
' OR 'a'='a,1
admin' or '1'='1 4,1
admin' or '1'='1,1
union select,1
admin' -- 43,1
' or 1=1 -- 35,1
"benchmark(10000000,md5(1))",1
union select 87,1
UNION SELECT 13,1
' OR 1=1 #,1
drop table users 45,1
admin' --,1
SELECT * FROM,1
' OR 'a'='a,1
admin' -- 64,1
' or '1'='1' --,1
' or 1=1 #,1
' or 'a'='a,1
' OR 1=1 --,1
select * from,1
' OR 1=1 --,1
' OR 1=1 -- 90,1
' or 1=1 #,1
admin' or '1'='1,1
' OR 1=1 # 37,1
UNION SELECT,1
admin'/*,1
admin' --,1
SELECT * FROM 79,1
pg_sleep(10),1
union select,1
admin' or '1'='1 62,1
' or 'a'='a,1
admin' --,1
1; delete from items,1
' or 1=1 --,1
admin' or '1'='1,1
' or 1=1 #,1
1; delete from items 97,1
' OR 1=1 # 45,1
' OR 1=1 #,1
' OR '1'='1' --,1
admin'/* 88,1
admin' OR '1'='1 42,1
drop table users,1
admin'/*,1
' or '1'='1' --,1
admin'/* 68,1
admin'/*,1
drop table users,1
drop table users,1
' OR 1=1 # 23,1
UNION SELECT,1
admin'/*,1
' or 1=1 #,1
' OR 1=1 # 60,1
SELECT * FROM 49,1
admin'/*,1
' OR 'a'='a,1
admin' OR '1'='1,1
' OR 1=1 --,1
admin' --,1
' or '1'='1' -- 64,1
' OR 1=1 -- 83,1
drop table users,1
' OR 1=1 --,1
' OR 'a'='a,1
admin'/*,1
admin' or '1'='1,1
' or 1=1 #,1
' or 1=1 -- 67,1
' OR 1=1 --,1
admin' -- 10,1
' or 1=1 #,1
admin' -- 9,1
admin' --,1
"benchmark(10000000,md5(1)) 86",1
' or 1=1 -- 3,1
drop table users,1
user278,0
ABOUT PAGE,0
admin272,0
CONTACT-US,0
CHECKOUT323,0
react_app928,0
node_js,0
payment success348,0
QWERTY376,0
DASHBOARD,0
my_image.png,0
home6,0
PROFILE ID 10106,0
DASHBOARD,0
react_app,0
LOGIN41,0
CONTACT-US96,0
12345637,0
PASSWORD,0
PAYMENT SUCCESS629,0
search129,0
PAYMENT SUCCESS602,0
QWERTY,0
MY_IMAGE.PNG64,0
ABOUT PAGE,0
QWERTY,0
PAYMENT SUCCESS,0
QWERTY567,0
checkout,0
123456229,0
PASSWORD826,0
123456,0
PAYMENT SUCCESS601,0
CHECKOUT997,0
my_image.png,0
123456650,0
home463,0
PASSWORD,0
SEARCH,0
QWERTY,0
login426,0
USER,0
HOME794,0
about page790,0
ABOUT PAGE,0
SEARCH902,0
LOGIN,0
QWERTY50,0
SEARCH,0
react_app,0
123456549,0
SARTHAK220,0
CHECKOUT471,0
SARTHAK,0
EMAIL@EXAMPLE.COM990,0
PASSWORD961,0
dashboard,0
home826,0
react_app,0
DASHBOARD499,0
MY_IMAGE.PNG466,0
DASHBOARD592,0
QWERTY927,0
hello world570,0
SEARCH,0
SARTHAK131,0
REACT_APP,0
user357,0
DASHBOARD,0
PROFILE ID 10285,0
QWERTY656,0
QWERTY,0
SARTHAK667,0
ABOUT PAGE,0
checkout299,0
ADMIN,0
profile id 1067,0
admin,0
REACT_APP187,0
EMAIL@EXAMPLE.COM272,0
admin,0
123456870,0
USER,0
CONTACT-US,0
QWERTY534,0
payment success,0
MY_IMAGE.PNG,0
LOGIN,0
EMAIL@EXAMPLE.COM92,0
LOGIN570,0
NODE_JS,0
PASSWORD,0
DASHBOARD,0
user386,0
PASSWORD902,0
admin,0
password,0
profile id 10,0
REACT_APP,0
EMAIL@EXAMPLE.COM34,0
SARTHAK668,0
REACT_APP,0
HOME127,0
about page,0
node_js381,0
123456553,0
hello world77,0
password314,0
QWERTY238,0
PROFILE ID 10809,0
USER,0
PASSWORD153,0
ADMIN640,0
MY_IMAGE.PNG958,0
ABOUT PAGE,0
123456202,0
EMAIL@EXAMPLE.COM301,0
checkout26,0
EMAIL@EXAMPLE.COM607,0
ADMIN132,0
email@example.com875,0
123456685,0
HOME554,0
REACT_APP500,0
PROFILE ID 10,0
ADMIN997,0
SARTHAK902,0
checkout580,0
EMAIL@EXAMPLE.COM304,0
CONTACT-US,0
checkout671,0
home568,0
login,0
PROFILE ID 10,0
MY_IMAGE.PNG,0
payment success38,0
qwerty465,0
contact-us835,0
HELLO WORLD766,0
REACT_APP,0
home116,0
ADMIN,0
profile id 10247,0
ABOUT PAGE797,0
search,0
PAYMENT SUCCESS,0
HELLO WORLD953,0
user,0
SEARCH924,0
HELLO WORLD718,0
HELLO WORLD727,0
NODE_JS,0
ADMIN,0
CONTACT-US596,0
qwerty,0
QWERTY120,0
REACT_APP,0
USER278,0
HELLO WORLD316,0
payment success513,0
USER,0
SEARCH957,0
CHECKOUT890,0
node_js,0
ABOUT PAGE808,0
SEARCH275,0
PROFILE ID 10,0
CONTACT-US152,0
NODE_JS,0
SEARCH520,0
PROFILE ID 10,0
sarthak26,0
ADMIN,0
profile id 10436,0
REACT_APP579,0
sarthak,0
PASSWORD,0
sarthak,0
PROFILE ID 10,0
HOME819,0
CONTACT-US,0
CHECKOUT,0
qwerty257,0
ABOUT PAGE608,0
PASSWORD802,0
REACT_APP,0
SARTHAK,0
SEARCH232,0
PROFILE ID 1083,0
hello world,0
user915,0
SARTHAK897,0
SEARCH,0
MY_IMAGE.PNG496,0
ABOUT PAGE,0
qwerty956,0
hello world,0
MY_IMAGE.PNG,0
HOME64,0
MY_IMAGE.PNG724,0
my_image.png662,0
123456,0
DASHBOARD946,0
my_image.png511,0
ADMIN187,0
hello world919,0
CHECKOUT,0
react_app957,0
SARTHAK817,0
NODE_JS995,0
USER360,0
about page,0
react_app221,0
node_js,0
SEARCH220,0
qwerty,0
CONTACT-US340,0
USER202,0
about page191,0
ADMIN761,0
MY_IMAGE.PNG725,0
MY_IMAGE.PNG728,0
PAYMENT SUCCESS,0
PASSWORD133,0
ADMIN,0
CHECKOUT531,0
EMAIL@EXAMPLE.COM,0
PASSWORD,0
CONTACT-US,0
REACT_APP255,0
CHECKOUT,0
PROFILE ID 10,0
CHECKOUT,0
LOGIN,0
SARTHAK778,0
QWERTY,0
123456,0
SEARCH,0
HELLO WORLD,0
PASSWORD,0
QWERTY784,0
CONTACT-US,0
EMAIL@EXAMPLE.COM234,0
CHECKOUT,0
home517,0
CHECKOUT,0
checkout,0
SEARCH,0
123456,0
PROFILE ID 10228,0
QWERTY710,0
password923,0
SARTHAK454,0
NODE_JS,0
CHECKOUT937,0
NODE_JS2,0
SARTHAK,0
my_image.png815,0
ABOUT PAGE88,0
react_app816,0
PAYMENT SUCCESS308,0
CHECKOUT,0
SARTHAK575,0
about page875,0
MY_IMAGE.PNG,0
user,0
NODE_JS,0
SARTHAK570,0
checkout,0
HOME,0
EMAIL@EXAMPLE.COM381,0
123456,0
NODE_JS822,0
DASHBOARD767,0
HELLO WORLD,0
dashboard,0
home852,0
SEARCH859,0
USER748,0
dashboard,0
QWERTY,0
CONTACT-US,0
ADMIN682,0
USER9,0
password147,0
admin715,0
LOGIN,0
REACT_APP,0
SARTHAK,0
node_js,0
dashboard201,0
SEARCH291,0
dashboard,0
HELLO WORLD216,0
PASSWORD,0
PROFILE ID 10,0
SARTHAK434,0
ADMIN358,0
MY_IMAGE.PNG639,0
SARTHAK,0
PROFILE ID 10,0
contact-us,0
SEARCH,0
hello world,0
SEARCH,0
search,0
SEARCH844,0
email@example.com531,0
HOME,0
QWERTY,0
search182,0
SEARCH107,0
email@example.com934,0
node_js389,0
qwerty,0
home557,0
about page239,0
dashboard949,0
HELLO WORLD696,0
SEARCH,0
DASHBOARD69,0
HOME,0
CONTACT-US173,0
123456,0
DASHBOARD,0
PASSWORD,0
LOGIN,0
sarthak463,0
CONTACT-US89,0
checkout953,0
QWERTY800,0
PROFILE ID 10608,0
react_app,0
about page338,0
about page,0
PASSWORD601,0
CHECKOUT,0
DASHBOARD,0
payment success,0
react_app52,0
HOME40,0
payment success135,0
MY_IMAGE.PNG337,0
password,0
123456,0
EMAIL@EXAMPLE.COM777,0
LOGIN,0
PROFILE ID 1073,0
PROFILE ID 10,0
HELLO WORLD990,0
PROFILE ID 10166,0
hello world,0
checkout,0
ABOUT PAGE678,0
PAYMENT SUCCESS735,0
CHECKOUT,0
LOGIN690,0
hello world,0
REACT_APP,0
payment success,0
REACT_APP,0
MY_IMAGE.PNG,0
DASHBOARD158,0
HELLO WORLD,0
REACT_APP341,0
ABOUT PAGE,0
DASHBOARD384,0
payment success712,0
123456451,0
HELLO WORLD560,0
admin,0
12345673,0
REACT_APP734,0
REACT_APP797,0
admin,0
NODE_JS529,0
SARTHAK,0
DASHBOARD404,0
PAYMENT SUCCESS,0
ADMIN,0
USER568,0
password928,0
ADMIN413,0
EMAIL@EXAMPLE.COM302,0
ADMIN853,0
EMAIL@EXAMPLE.COM,0
HOME,0
password,0
HOME400,0
CHECKOUT,0
SARTHAK,0
ABOUT PAGE,0
EMAIL@EXAMPLE.COM,0
HOME,0
DASHBOARD,0
DASHBOARD541,0
USER40,0
HELLO WORLD200,0
search,0
ADMIN,0
HELLO WORLD886,0
email@example.com762,0
NODE_JS417,0
PASSWORD,0
LOGIN379,0
contact-us175,0
NODE_JS,0
qwerty879,0
REACT_APP,0
payment success,0
USER535,0
payment success,0
EMAIL@EXAMPLE.COM359,0
password510,0
password,0
hello world260,0
react_app448,0
SARTHAK984,0
my_image.png289,0
profile id 10394,0
DASHBOARD,0
REACT_APP,0
contact-us287,0
login580,0
PAYMENT SUCCESS,0
USER208,0
CHECKOUT,0
CONTACT-US,0
admin,0
PAYMENT SUCCESS341,0
CHECKOUT,0
PASSWORD,0
QWERTY,0
123456,0
REACT_APP916,0
CHECKOUT570,0
REACT_APP52,0
LOGIN550,0
about page606,0
SEARCH16,0
ABOUT PAGE73,0
REACT_APP,0
LOGIN651,0
SARTHAK,0
checkout701,0
profile id 10488,0
123456486,0
HOME746,0
SARTHAK,0
QWERTY,0
QWERTY880,0
DASHBOARD444,0
SARTHAK317,0
SEARCH,0
profile id 10,0
SARTHAK62,0
MY_IMAGE.PNG689,0
USER843,0
PROFILE ID 1097,0
PROFILE ID 10,0
password11,0
PAYMENT SUCCESS,0
dashboard752,0
user,0
login,0
NODE_JS142,0
LOGIN,0
MY_IMAGE.PNG576,0
EMAIL@EXAMPLE.COM40,0
qwerty331,0
USER,0
qwerty,0
QWERTY,0
HOME671,0
USER975,0
USER,0
user,0
NODE_JS,0
NODE_JS,0
CONTACT-US923,0
HELLO WORLD63,0
LOGIN130,0
ADMIN824,0
search923,0
PASSWORD712,0
USER330,0
LOGIN507,0
MY_IMAGE.PNG,0
ADMIN,0
my_image.png,0
NODE_JS,0
NODE_JS195,0
CHECKOUT249,0
CHECKOUT,0
USER592,0
CONTACT-US428,0
DASHBOARD606,0
user,0
react_app,0
MY_IMAGE.PNG,0
ADMIN,0
my_image.png,0
ADMIN100,0
PASSWORD,0
USER,0
HOME591,0
hello world893,0
ABOUT PAGE,0
contact-us199,0
DASHBOARD,0
password,0
search,0
USER585,0
admin366,0
PASSWORD,0
payment success914,0
sarthak,0
HOME250,0
SEARCH,0
SARTHAK537,0
qwerty,0
QWERTY765,0
PAYMENT SUCCESS580,0
home285,0
SARTHAK43,0
HELLO WORLD11,0
CONTACT-US60,0
checkout,0
CONTACT-US496,0
about page607,0
MY_IMAGE.PNG904,0
QWERTY,0
REACT_APP,0
user520,0
admin,0
PAYMENT SUCCESS,0
HELLO WORLD185,0
ABOUT PAGE173,0
dashboard,0
user,0
CHECKOUT607,0
email@example.com646,0
SEARCH,0
dashboard946,0
dashboard682,0
REACT_APP994,0
CONTACT-US234,0
DASHBOARD,0
SEARCH,0
PAYMENT SUCCESS895,0
PASSWORD,0
react_app,0
LOGIN,0
CHECKOUT401,0
SEARCH,0
PROFILE ID 10,0
SARTHAK,0
search,0
my_image.png,0
LOGIN,0
about page789,0
PASSWORD,0
SARTHAK300,0
PAYMENT SUCCESS974,0
DASHBOARD,0
password68,0
CHECKOUT639,0
CONTACT-US,0
CONTACT-US,0
PASSWORD626,0
NODE_JS691,0
hello world87,0
LOGIN129,0
email@example.com,0
REACT_APP,0
qwerty124,0
HOME980,0
123456575,0
QWERTY440,0
QWERTY,0
PASSWORD595,0
LOGIN,0
SARTHAK,0
NODE_JS58,0
123456118,0
MY_IMAGE.PNG,0
dashboard636,0
checkout920,0
PROFILE ID 10,0
DASHBOARD279,0
PROFILE ID 10,0
CHECKOUT,0
HOME104,0
email@example.com,0
hello world493,0
NODE_JS,0
sarthak,0
PASSWORD,0
CONTACT-US817,0
PAYMENT SUCCESS264,0
HOME,0
dashboard,0
qwerty,0
LOGIN,0
payment success912,0
PROFILE ID 10,0
HELLO WORLD,0
HELLO WORLD,0
LOGIN174,0
ADMIN903,0
home179,0
PROFILE ID 10,0
NODE_JS,0
PAYMENT SUCCESS173,0
DASHBOARD620,0
MY_IMAGE.PNG994,0
ADMIN,0
qwerty67,0
SEARCH,0
login591,0
SEARCH464,0
ADMIN,0
CHECKOUT304,0
CONTACT-US901,0
DASHBOARD540,0
PROFILE ID 10740,0
about page759,0
EMAIL@EXAMPLE.COM,0
REACT_APP781,0
PAYMENT SUCCESS851,0
search301,0
about page,0
LOGIN299,0
password,0
contact-us,0
CHECKOUT,0
PAYMENT SUCCESS,0
123456427,0
SARTHAK,0
MY_IMAGE.PNG,0
password,0
SEARCH,0
MY_IMAGE.PNG358,0
123456212,0
CONTACT-US556,0
PAYMENT SUCCESS,0
DASHBOARD599,0
user154,0
CONTACT-US177,0
ADMIN,0
DASHBOARD,0
SARTHAK,0
LOGIN520,0
about page581,0
NODE_JS586,0
USER,0
HELLO WORLD863,0
payment success,0
MY_IMAGE.PNG789,0
PASSWORD952,0
QWERTY285,0
payment success,0
DASHBOARD,0
dashboard75,0
CHECKOUT817,0
PAYMENT SUCCESS,0
123456664,0
NODE_JS,0
PROFILE ID 10880,0
sarthak,0
react_app80,0
123456520,0
MY_IMAGE.PNG651,0
PAYMENT SUCCESS,0
HOME,0
ADMIN,0
CONTACT-US,0
CHECKOUT,0
HELLO WORLD,0
CHECKOUT,0
home70,0
ADMIN798,0
CHECKOUT924,0
email@example.com,0
HELLO WORLD308,0
HELLO WORLD755,0
sarthak,0
HOME592,0
about page,0
LOGIN,0
SARTHAK,0
qwerty,0
contact-us,0
search743,0
CONTACT-US,0
PROFILE ID 10,0
HELLO WORLD,0
PROFILE ID 10,0
hello world685,0
MY_IMAGE.PNG,0
EMAIL@EXAMPLE.COM506,0
USER,0
HOME,0
SEARCH,0
PAYMENT SUCCESS,0
SARTHAK,0
password940,0
HOME,0
CONTACT-US897,0
DASHBOARD14,0
USER,0
contact-us,0
HELLO WORLD,0
ADMIN54,0
HELLO WORLD,0
CONTACT-US847,0
EMAIL@EXAMPLE.COM,0
ABOUT PAGE641,0
USER,0
LOGIN784,0
NODE_JS329,0
PROFILE ID 10393,0
ABOUT PAGE,0
SEARCH771,0
SARTHAK177,0
ADMIN932,0
REACT_APP699,0
REACT_APP295,0
CONTACT-US,0
my_image.png,0
profile id 10,0
PASSWORD646,0
SEARCH,0
REACT_APP,0
LOGIN,0
SEARCH,0
MY_IMAGE.PNG63,0
123456296,0
MY_IMAGE.PNG,0
SARTHAK,0
CHECKOUT,0
SARTHAK69,0
ABOUT PAGE,0
MY_IMAGE.PNG,0
USER,0
password,0
CONTACT-US237,0
email@example.com,0
dashboard,0
PAYMENT SUCCESS,0
login,0
SEARCH,0
hello world684,0
USER,0
SEARCH,0
NODE_JS861,0
CONTACT-US,0
LOGIN257,0
profile id 10,0
USER705,0
NODE_JS262,0
CONTACT-US,0
qwerty490,0
contact-us,0
123456,0
CONTACT-US,0
USER,0
ABOUT PAGE,0
home,0
user607,0
home,0
sarthak,0
PAYMENT SUCCESS,0
QWERTY835,0
ABOUT PAGE,0
QWERTY,0
SEARCH,0
PAYMENT SUCCESS,0
MY_IMAGE.PNG,0
EMAIL@EXAMPLE.COM493,0
SEARCH656,0
123456,0
react_app620,0
react_app,0
about page,0
PROFILE ID 10,0
HELLO WORLD696,0
PROFILE ID 10448,0
USER299,0
REACT_APP612,0
NODE_JS112,0
123456759,0
admin234,0
EMAIL@EXAMPLE.COM290,0
PROFILE ID 10,0
login,0
DASHBOARD,0
REACT_APP,0
PASSWORD,0
ADMIN,0
HOME678,0
hello world68,0
email@example.com448,0
12345646,0
REACT_APP417,0
ADMIN627,0
NODE_JS428,0
MY_IMAGE.PNG,0
SEARCH,0
123456,0
payment success,0
login467,0
password,0
DASHBOARD506,0
login,0
home4,0
SEARCH,0
EMAIL@EXAMPLE.COM,0
REACT_APP796,0
SARTHAK,0
123456,0
NODE_JS,0
MY_IMAGE.PNG129,0
ADMIN,0
email@example.com,0
MY_IMAGE.PNG,0
contact-us,0
SARTHAK,0
HELLO WORLD411,0
MY_IMAGE.PNG,0
contact-us811,0
LOGIN,0
QWERTY465,0
PASSWORD842,0
ADMIN353,0
password,0
payment success301,0
CHECKOUT909,0
USER789,0
login106,0
SARTHAK,0
ABOUT PAGE,0
HOME,0
email@example.com713,0
node_js989,0
PROFILE ID 10141,0
PAYMENT SUCCESS852,0
SEARCH828,0
password918,0
HOME814,0
DASHBOARD,0
CONTACT-US17,0
CONTACT-US473,0
REACT_APP486,0
HELLO WORLD764,0
CONTACT-US,0
LOGIN,0
DASHBOARD,0
NODE_JS,0
checkout,0
CHECKOUT,0
HOME299,0
SEARCH889,0
about page,0
dashboard,0
dashboard,0
react_app,0
admin,0
SEARCH,0
SARTHAK,0
hello world,0
qwerty,0
LOGIN,0
NODE_JS,0
email@example.com43,0
HELLO WORLD,0
CHECKOUT356,0
password685,0
MY_IMAGE.PNG,0
sarthak175,0
LOGIN,0
DASHBOARD,0
REACT_APP611,0
PASSWORD,0
email@example.com648,0
EMAIL@EXAMPLE.COM727,0
PROFILE ID 10,0
MY_IMAGE.PNG,0
my_image.png879,0
PAYMENT SUCCESS135,0
react_app673,0
CHECKOUT,0
123456,0
DASHBOARD933,0
PROFILE ID 10,0
MY_IMAGE.PNG,0
123456,0
search,0
SARTHAK601,0
SARTHAK,0
user610,0
HELLO WORLD,0
admin78,0
MY_IMAGE.PNG449,0
ADMIN,0
HELLO WORLD,0
ADMIN14,0
PAYMENT SUCCESS,0
CONTACT-US,0
LOGIN,0
ABOUT PAGE588,0
PAYMENT SUCCESS,0
my_image.png113,0
search,0
qwerty446,0
email@example.com831,0
payment success897,0
profile id 10,0
NODE_JS,0
HOME702,0
PAYMENT SUCCESS,0
LOGIN,0
PAYMENT SUCCESS772,0
MY_IMAGE.PNG,0
MY_IMAGE.PNG,0
profile id 10,0
hello world213,0
PROFILE ID 10,0
qwerty,0
ABOUT PAGE979,0
CHECKOUT815,0
SARTHAK444,0
ADMIN,0
SEARCH,0
LOGIN,0
PAYMENT SUCCESS,0
REACT_APP960,0
PAYMENT SUCCESS15,0
123456,0
SEARCH,0
checkout301,0
HOME,0
profile id 10,0
CONTACT-US39,0
SEARCH,0
REACT_APP440,0
node_js,0
123456,0
HELLO WORLD,0
CHECKOUT257,0
email@example.com546,0
EMAIL@EXAMPLE.COM,0
node_js,0
MY_IMAGE.PNG,0
SEARCH,0
CHECKOUT21,0
ADMIN,0
CHECKOUT,0
PAYMENT SUCCESS,0
login77,0
PAYMENT SUCCESS770,0
REACT_APP,0
12345614,0
hello world443,0
MY_IMAGE.PNG148,0
HELLO WORLD815,0
EMAIL@EXAMPLE.COM,0
profile id 10,0
NODE_JS,0
CONTACT-US689,0
DASHBOARD968,0
123456251,0
USER989,0
DASHBOARD,0
123456691,0
CHECKOUT175,0
REACT_APP,0
home,0
PASSWORD146,0
DASHBOARD330,0
ADMIN,0
CONTACT-US,0
CHECKOUT901,0
PAYMENT SUCCESS308,0
EMAIL@EXAMPLE.COM,0
USER914,0
123456,0
PROFILE ID 10,0
qwerty799,0
QWERTY,0
DASHBOARD,0
REACT_APP,0
search597,0
MY_IMAGE.PNG73,0
LOGIN216,0
LOGIN,0
CONTACT-US,0
about page,0
ABOUT PAGE,0
about page620,0
